Species,Primary Ability,Secondary Ability,Hidden Ability
Bulbasaur,Overgrow,Overgrow,Chlorophyll
Ivysaur,Overgrow,Overgrow,Chlorophyll
Venusaur,Overgrow,Overgrow,Chlorophyll
Venusaur-Mega,Thick Fat,Thick Fat,
Charmander,Blaze,Blaze,Solar Power
Charmeleon,Blaze,Blaze,Solar Power
Charizard,Blaze,Blaze,Solar Power
Charizard-Mega-X,Tough Claws,Tough Claws,
Charizard-Mega-Y,Drought,Drought,
Squirtle,Torrent,Torrent,Rain Dish
Wartortle,Torrent,Torrent,Rain Dish
Blastoise,Torrent,Torrent,Rain Dish
Blastoise-Mega,Mega Launcher,Mega Launcher,
Caterpie,Shield Dust,Shield Dust,Run Away
Metapod,Shed Skin,Shed Skin,
Butterfree,Compound Eyes,Compound Eyes,Tinted Lens
Butterfree-Mega,Compound Eyes,Compound Eyes,
Weedle,Shield Dust,Shield Dust,Run Away
Kakuna,Shed Skin,Shed Skin,
Beedrill,Swarm,Swarm,Sniper
Beedrill-Mega,Adaptability,Adaptability,
Pidgey,Frisk,Frisk,No Guard
Pidgeotto,Frisk,Frisk,No Guard
Pidgeot,Frisk,Frisk,No Guard
Pidgeot-Mega,No Guard,No Guard,
Rattata,Run Away,Guts,Hustle
Rattata-Alola,Gluttony,Hustle,Thick Fat
Raticate,Run Away,Guts,Hustle
Raticate-Alola,Gluttony,Hustle,Thick Fat
Spearow,Frisk,Technician,Sniper
Fearow,Frisk,Technician,Sniper
Ekans,Intimidate,Shed Skin,Corrosion
Arbok,Intimidate,Shed Skin,Strong Jaw
Pikachu,Static,Static,Lightning Rod
Pikachu-Surfing,Static,Static,Lightning Rod
Pikachu-Flying,Static,Static,Lightning Rod
Pikachu-Cosplay,Lightning Rod,Lightning Rod,
Pikachu-Libre,Lightning Rod,Lightning Rod,
Pikachu-Pop-Star,Lightning Rod,Lightning Rod,
Pikachu-Rock-Star,Lightning Rod,Lightning Rod,
Pikachu-Belle,Lightning Rod,Lightning Rod,
Pikachu-PhD,Lightning Rod,Lightning Rod,
Pikachu-Original,Static,Static,Lightning Rod
Pikachu-Hoenn,Static,Static,Lightning Rod
Pikachu-Sinnoh,Static,Static,Lightning Rod
Pikachu-Unova,Static,Static,Lightning Rod
Pikachu-Kalos,Static,Static,Lightning Rod
Pikachu-Alola,Static,Static,Lightning Rod
Pikachu-Partner,Static,Static,Lightning Rod
Raichu,Static,Static,Lightning Rod
Raichu-Alola,Surge Surfer,Surge Surfer,
Sandshrew,Sand Veil,Sand Veil,Sand Rush
Sandshrew-Alola,Slush Rush,Slush Rush,Ice Body
Sandslash,Sand Veil,Sand Veil,Sand Rush
Sandslash-Alola,Slush Rush,Slush Rush,Ice Scales
Nidoran-F,Poison Touch,Rivalry,Hustle
Nidorina,Poison Touch,Rivalry,Hustle
Nidoqueen,Poison Touch,Rivalry,Sheer Force
Nidoran-M,Poison Touch,Rivalry,Hustle
Nidorino,Poison Touch,Rivalry,Hustle
Nidoking,Poison Touch,Rivalry,Sheer Force
Clefairy,Cute Charm,Magic Guard,Friend Guard
Clefable,Cute Charm,Magic Guard,Unaware
Vulpix,Flash Fire,Flash Fire,Drought
Vulpix-Alola,Serene Grace,Serene Grace,Snow Warning
Ninetales,Flash Fire,Flash Fire,Drought
Ninetales-Alola,Serene Grace,Serene Grace,Snow Warning
Jigglypuff,Cute Charm,Competitive,Friend Guard
Wigglytuff,Sheer Force,Competitive,Frisk
Zubat,Infiltrator,Sniper,Corrosion
Golbat,Infiltrator,Sniper,Corrosion
Oddish,Chlorophyll,Chlorophyll,Run Away
Gloom,Chlorophyll,Chlorophyll,Stench
Vileplume,Chlorophyll,Chlorophyll,Effect Spore
Paras,Effect Spore,Dry Skin,Damp
Parasect,Effect Spore,Dry Skin,Damp
Venonat,Compound Eyes,Tinted Lens,Run Away
Venomoth,Shield Dust,Tinted Lens,Wonder Skin
Diglett,Sand Veil,Arena Trap,Sand Force
Diglett-Alola,Sand Veil,Tangling Hair,Sand Force
Dugtrio,Sand Veil,Arena Trap,Sand Force
Dugtrio-Alola,Sand Veil,Tangling Hair,Sand Force
Meowth,Pickup,Technician,Feline Prowess
Meowth-Alola,Pickup,Technician,Feline Prowess
Meowth-Galar,Pickup,Tough Claws,Unnerve
Persian,Limber,Technician,Feline Prowess
Persian-Alola,Fur Coat,Technician,Feline Prowess
Psyduck,Damp,Cloud Nine,Swift Swim
Golduck,Swift Swim,Cloud Nine,Neuroforce
Mankey,Vital Spirit,Anger Point,Defiant
Primeape,Vital Spirit,Anger Point,Defiant
Growlithe,Intimidate,Flash Fire,Justified
Growlithe-Hisui,Intimidate,Flash Fire,Rock Head
Arcanine,Intimidate,Flash Fire,Justified
Arcanine-Hisui,Intimidate,Flash Fire,Rock Head
Poliwag,Water Absorb,Damp,Swift Swim
Poliwhirl,Water Absorb,Damp,Swift Swim
Poliwrath,Water Absorb,Damp,Swift Swim
Abra,Synchronize,Inner Focus,Magic Guard
Kadabra,Synchronize,Inner Focus,Magic Guard
Alakazam,Synchronize,Inner Focus,Magic Guard
Alakazam-Mega,Trace,Trace,
Machop,Guts,No Guard,Steadfast
Machoke,Guts,No Guard,Steadfast
Machamp,Guts,No Guard,Steadfast
Machamp-Mega,ORAORAORAORA!,ORAORAORAORA!,
Bellsprout,Chlorophyll,Chlorophyll,Gluttony
Weepinbell,Chlorophyll,Chlorophyll,Gluttony
Victreebel,Chlorophyll,Chlorophyll,Gluttony
Tentacool,Clear Body,Liquid Ooze,Rain Dish
Tentacruel,Clear Body,Liquid Ooze,Rain Dish
Geodude,Rock Head,Sturdy,Sand Veil
Geodude-Alola,Rock Head,Sturdy,Galvanize
Graveler,Rock Head,Sturdy,Sand Veil
Graveler-Alola,Rock Head,Sturdy,Galvanize
Golem,Rock Head,Sturdy,Sand Veil
Golem-Alola,Rock Head,Magnet Pull,Galvanize
Ponyta,Run Away,Flash Fire,Flame Body
Ponyta-Galar,Run Away,Immunity,Flash Fire
Rapidash,Reckless,Flash Fire,Blazing Soul
Rapidash-Galar,Run Away,Immunity,Flash Fire
Slowpoke,Oblivious,Own Tempo,Regenerator
Slowpoke-Galar,Gluttony,Own Tempo,Regenerator
Slowbro,Oblivious,Own Tempo,Regenerator
Slowbro-Mega,Regenerator,Regenerator,Shell Armor
Slowbro-Galar,Quick Draw,Own Tempo,Regenerator
Magnemite,Magnet Pull,Sturdy,Analytic
Magneton,Magnet Pull,Sturdy,Analytic
Farfetch’d,Frisk,Inner Focus,Sharpness
Farfetch’d-Galar,Steadfast,Steadfast,Scrappy
Doduo,Run Away,Early Bird,
Doduo-Sevii,Rock Head,Early Bird,Anger Point
Dodrio,Rock Head,Early Bird,
Dodrio-Sevii,Rock Head,Early Bird,Anger Point
Seel,Thick Fat,Hydration,Ice Body
Dewgong,Thick Fat,Ice Scales,Ice Body
Grimer,Stench,Sticky Hold,Poison Touch
Grimer-Alola,Poison Touch,Gluttony,Alchemic Power
Muk,Regenerator,Sticky Hold,Poison Touch
Muk-Alola,Poison Touch,Gluttony,Alchemic Power
Shellder,Shell Armor,Skill Link,Overcoat
Cloyster,Shell Armor,Skill Link,Overcoat
Gastly,Levitate,Levitate,
Haunter,Levitate,Levitate,
Gengar,Levitate,Levitate,
Gengar-Mega,Shadow Tag,Shadow Tag,
Onix,Rock Head,Sturdy,Weak Armor
Drowzee,Insomnia,Bad Dreams,Psychic Surge
Hypno,Insomnia,Bad Dreams,Psychic Surge
Krabby,Hyper Cutter,Shell Armor,Sheer Force
Kingler,Hyper Cutter,Shell Armor,Sheer Force
Kingler-Mega,Tough Claws,Tough Claws,
Voltorb,Soundproof,Static,Galvanize
Voltorb-Hisui,Soundproof,Static,Reckless
Electrode,Soundproof,Static,Galvanize
Electrode-Hisui,Soundproof,Static,Reckless
Exeggcute,Chlorophyll,Chlorophyll,Harvest
Exeggutor,Chlorophyll,Chlorophyll,Harvest
Exeggutor-Alola,Chlorophyll,Chlorophyll,Harvest
Cubone,Rock Head,Battle Armor,Bone Zone
Marowak,Rock Head,Battle Armor,Bone Zone
Marowak-Alola,Rock Head,Lightning Rod,Bone Zone
Hitmonlee,Unburden,Reckless,Striker
Hitmonchan,Frisk,Iron Fist,Inner Focus
Lickitung,Own Tempo,Oblivious,Cloud Nine
Koffing,Levitate,Neutralize Gas,Toxic Debris
Weezing,Levitate,Neutralize Gas,Toxic Debris
Weezing-Galar,Levitate,Neutralize Gas,Misty Surge
Rhyhorn,Lightning Rod,Rock Head,Reckless
Rhydon,Lightning Rod,Rock Head,Reckless
Chansey,Natural Cure,Serene Grace,
Tangela,Chlorophyll,Leaf Guard,Regenerator
Kangaskhan,Early Bird,Scrappy,Inner Focus
Kangaskhan-Mega,Parental Bond,Parental Bond,
Horsea,Swift Swim,Sniper,Damp
Seadra,Poison Touch,Sniper,Damp
Goldeen,Lightning Rod,Water Veil,Rain Dish
Seaking,Lightning Rod,Water Veil,Rain Dish
Staryu,Natural Cure,Illuminate,Analytic
Starmie,Natural Cure,Illuminate,Analytic
Mr. Mime,Soundproof,Filter,Misty Surge
Mr. Mime-Galar,Screen Cleaner,Vital Spirit,Ice Body
Scyther,Swarm,Technician,Steadfast
Jynx,Dry Skin,Dry Skin,
Electabuzz,Static,Vital Spirit,Iron Fist
Magmar,Flame Body,Magma Armor,Vital Spirit
Pinsir,Hyper Cutter,Mold Breaker,Moxie
Pinsir-Mega,Aerilate,Aerilate,
Tauros,Intimidate,Anger Point,Sheer Force
Tauros-Paldea-Combat,Intimidate,Anger Point,Sheer Force
Tauros-Paldea-Aqua,Intimidate,Anger Point,Gluttony
Tauros-Paldea-Blaze,Intimidate,Anger Point,Gluttony
Magikarp,Swift Swim,Swift Swim,Hydration
Gyarados,Intimidate,Intimidate,Moxie
Gyarados-Mega,Mold Breaker,Mold Breaker,
Lapras,Water Absorb,Hydration,
Lapras-Mega,Liquid Voice,Liquid Voice,
Ditto,Limber,Limber,Imposter
Eevee,Run Away,Adaptability,
Vaporeon,Water Absorb,Water Absorb,Hydration
Jolteon,Volt Absorb,Volt Absorb,Quick Feet
Flareon,Flash Fire,Flash Fire,Toxic Boost
Porygon,Trace,Download,Analytic
Omanyte,Swift Swim,Shell Armor,Weak Armor
Omastar,Swift Swim,Shell Armor,Weak Armor
Kabuto,Weak Armor,Battle Armor,Swift Swim
Kabutops,Sharpness,Sharpness,Swift Swim
Aerodactyl,Rock Head,Pressure,Unnerve
Aerodactyl-Mega,Tough Claws,Tough Claws,
Snorlax,Immunity,Thick Fat,Gluttony
Snorlax-Mega,Thick Fat,Thick Fat,
Articuno,Pressure,Pressure,Frozen Mist
Articuno-Galar,Competitive,Competitive,
Zapdos,Pressure,Pressure,Static
Zapdos-Galar,Defiant,Defiant,
Moltres,Pressure,Pressure,Flame Body
Moltres-Galar,Berserk,Berserk,
Dratini,Shed Skin,Shed Skin,Marvel Scale
Dragonair,Shed Skin,Shed Skin,Marvel Scale
Dragonite,Inner Focus,Inner Focus,Multiscale
Mewtwo,Pressure,Pressure,Unnerve
Mewtwo-Mega-X,Steadfast,Steadfast,
Mewtwo-Mega-Y,Insomnia,Insomnia,
Mew,Synchronize,Synchronize,
Chikorita,Overgrow,Overgrow,Leaf Guard
Bayleef,Overgrow,Overgrow,Leaf Guard
Meganium,Overgrow,Overgrow,Triage
Cyndaquil,Blaze,Blaze,Flash Fire
Quilava,Blaze,Blaze,Flash Fire
Typhlosion,Flash Fire,Flash Fire,Blazing Soul
Typhlosion-Hisui,Blaze,Blaze,Flash Fire
Totodile,Sheer Force,Sheer Force,Strong Jaw
Croconaw,Sheer Force,Sheer Force,Strong Jaw
Feraligatr,Sheer Force,Sheer Force,Strong Jaw
Sentret,Run Away,Frisk,
Furret,Adaptability,Frisk,
Hoothoot,Tinted Lens,Frisk,Insomnia
Noctowl,Tinted Lens,Frisk,Insomnia
Ledyba,Swarm,Early Bird,
Ledian,Swarm,Iron Fist,
Spinarak,Swarm,Insomnia,Sniper
Ariados,Swarm,No Guard,Sniper
Crobat,Infiltrator,Sniper,Corrosion
Chinchou,Volt Absorb,Illuminate,Water Absorb
Lanturn,Volt Absorb,Illuminate,Water Absorb
Pichu,Static,Static,Lightning Rod
Cleffa,Cute Charm,Magic Guard,Friend Guard
Igglybuff,Cute Charm,Competitive,Friend Guard
Togepi,Hustle,Serene Grace,Super Luck
Togetic,Hustle,Serene Grace,Super Luck
Natu,Synchronize,Early Bird,Magic Bounce
Xatu,Synchronize,Early Bird,Magic Bounce
Mareep,Static,Illuminate,Plus
Flaaffy,Static,Illuminate,Plus
Ampharos,Static,Illuminate,Plus
Ampharos-Mega,Thick Fat,Thick Fat,Mold Breaker
Bellossom,Chlorophyll,Chlorophyll,
Marill,Thick Fat,Huge Power,Sap Sipper
Azumarill,Thick Fat,Huge Power,Sap Sipper
Sudowoodo,Sturdy,Rock Head,
Politoed,Water Absorb,Damp,Drizzle
Hoppip,Chlorophyll,Leaf Guard,Infiltrator
Skiploom,Chlorophyll,Leaf Guard,Infiltrator
Jumpluff,Chlorophyll,Leaf Guard,Aerilate
Aipom,Run Away,Pickup,Skill Link
Sunkern,Chlorophyll,Solar Power,Early Bird
Sunflora,Chlorophyll,Solar Power,Early Bird
Yanma,Speed Boost,Compound Eyes,Frisk
Wooper,Damp,Water Absorb,Unaware
Wooper-Paldea,Poison Touch,Water Absorb,Unaware
Quagsire,Damp,Water Absorb,Unaware
Espeon,Synchronize,Synchronize,Magic Bounce
Umbreon,Synchronize,Synchronize,Inner Focus
Murkrow,Insomnia,Super Luck,Prankster
Slowking,Oblivious,Own Tempo,Regenerator
Slowking-Galar,Oblivious,Own Tempo,Regenerator
Misdreavus,Levitate,Levitate,
Unown,Levitate,Levitate,Simple
Unown,Levitate,Levitate,Simple
Unown,Levitate,Levitate,Simple
Unown,Levitate,Levitate,Simple
Unown,Levitate,Levitate,Simple
Unown,Levitate,Levitate,Simple
Unown,Levitate,Levitate,Simple
Unown,Levitate,Levitate,Simple
Unown,Levitate,Levitate,Simple
Unown,Levitate,Levitate,Simple
Unown,Levitate,Levitate,Simple
Unown,Levitate,Levitate,Simple
Unown,Levitate,Levitate,Simple
Unown,Levitate,Levitate,Simple
Unown,Levitate,Levitate,Simple
Unown,Levitate,Levitate,Simple
Unown,Levitate,Levitate,Simple
Unown,Levitate,Levitate,Simple
Unown,Levitate,Levitate,Simple
Unown,Levitate,Levitate,Simple
Unown,Levitate,Levitate,Simple
Unown,Levitate,Levitate,Simple
Unown,Levitate,Levitate,Simple
Unown,Levitate,Levitate,Simple
Unown,Levitate,Levitate,Simple
Unown,Levitate,Levitate,Simple
Unown,Levitate,Levitate,Simple
Unown,Levitate,Levitate,Simple
Wobbuffet,Shadow Tag,Shadow Tag,Telepathy
Girafarig,Sap Sipper,Early Bird,Inner Focus
Pineco,Sturdy,Sturdy,Overcoat
Forretress,Sturdy,Sturdy,Overcoat
Dunsparce,Serene Grace,Run Away,
Gligar,Hyper Cutter,Sand Veil,Immunity
Steelix,Rock Head,Sturdy,Sheer Force
Steelix-Mega,Heatproof,Heatproof,
Snubbull,Intimidate,Strong Jaw,Defiant
Granbull,Intimidate,Strong Jaw,Bull Rush
Qwilfish,Toxic Debris,Swift Swim,Intimidate
Qwilfish-Hisui,Poison Touch,Swift Swim,Intimidate
Scizor,Swarm,Technician,
Scizor-Mega,Technician,Technician,
Shuckle,Sturdy,Solid Rock,Contrary
Heracross,Swarm,Guts,Moxie
Heracross-Mega,Skill Link,Skill Link,
Sneasel,Inner Focus,Frisk,Infiltrator
Sneasel-Hisui,Inner Focus,Frisk,Poison Touch
Teddiursa,Pickup,Quick Feet,Unnerve
Teddiursa-Sevii,Pickup,Quick Feet,Iron Fist
Ursaring,Guts,Quick Feet,Unnerve
Ursaring-Sevii,Guts,Quick Feet,Iron Fist
Slugma,Magma Armor,Flame Body,Weak Armor
Magcargo,Simple,Flame Body,Weak Armor
Swinub,Oblivious,Oblivious,Thick Fat
Piloswine,Oblivious,Oblivious,Thick Fat
Corsola,Hustle,Regenerator,
Corsola-Galar,Weak Armor,Unburden,Perish Body
Remoraid,Hustle,Sniper,Skill Link
Octillery,Mega Launcher,Sniper,Skill Link
Delibird,Vital Spirit,Hustle,Refrigerate
Mantine,Swift Swim,Water Absorb,Water Veil
Mantine-Sevii,Static,Storm Drain,Hydration
Skarmory,Frisk,Sturdy,Weak Armor
Houndour,Early Bird,Flash Fire,Unnerve
Houndoom,Early Bird,Flash Fire,Unnerve
Houndoom-Mega,Dark Aura,Solar Power,
Kingdra,Swift Swim,Sniper,Damp
Phanpy,Pickup,Pickup,Sand Veil
Donphan,Sturdy,Sturdy,Technician
Porygon2,Trace,Download,Analytic
Stantler,Intimidate,Reckless,Sap Sipper
Smeargle,Own Tempo,Technician,
Tyrogue,Guts,Steadfast,Vital Spirit
Hitmontop,Intimidate,Technician,Steadfast
Smoochum,Oblivious,Oblivious,Hydration
Elekid,Static,Vital Spirit,Iron Fist
Magby,Flame Body,Magma Armor,Vital Spirit
Miltank,Thick Fat,Scrappy,Sap Sipper
Blissey,Natural Cure,Serene Grace,
Raikou,Pressure,Pressure,Inner Focus
Entei,Pressure,Pressure,Inner Focus
Suicune,Pressure,Pressure,Inner Focus
Larvitar,Guts,Guts,Sand Veil
Pupitar,Shed Skin,Shed Skin,
Tyranitar,Sand Stream,Sand Stream,Unnerve
Tyranitar-Mega,Sand Stream,Sand Stream,
Lugia,Pressure,Pressure,Multiscale
Ho-Oh,Pressure,Regenerator,Phoenix Down
Celebi,Natural Cure,Natural Cure,
Treecko,Overgrow,Overgrow,Unburden
Grovyle,Overgrow,Overgrow,Unburden
Sceptile,Overgrow,Overgrow,Unburden
Sceptile-Mega,Technician,Technician,
Torchic,Early Bird,Early Bird,Speed Boost
Combusken,Striker,Striker,Speed Boost
Blaziken,Striker,Striker,Speed Boost
Blaziken-Mega,Speed Boost,Speed Boost,
Mudkip,Torrent,Torrent,Damp
Marshtomp,Torrent,Torrent,Damp
Swampert,Torrent,Torrent,Damp
Swampert-Mega,Swift Swim,Swift Swim,
Poochyena,Run Away,Quick Feet,Moxie
Mightyena,Intimidate,Strong Jaw,Moxie
Zigzagoon,Pickup,Gluttony,Quick Feet
Zigzagoon-Galar,Pickup,Gluttony,Quick Feet
Linoone,Pickup,Gluttony,Quick Feet
Linoone-Galar,Pickup,Gluttony,Quick Feet
Wurmple,Shield Dust,Shield Dust,Run Away
Silcoon,Shed Skin,Shed Skin,
Beautifly,Swarm,Swarm,Rivalry
Cascoon,Shed Skin,Shed Skin,Run Away
Dustox,Shield Dust,Shield Dust,Compound Eyes
Lotad,Swift Swim,Rain Dish,Own Tempo
Lombre,Swift Swim,Rain Dish,Own Tempo
Ludicolo,Swift Swim,Rain Dish,Own Tempo
Seedot,Chlorophyll,Early Bird,Infiltrator
Nuzleaf,Chlorophyll,Early Bird,Infiltrator
Shiftry,Chlorophyll,Wind Rider,Infiltrator
Taillow,Guts,Guts,Scrappy
Swellow,Guts,Guts,Aerilate
Wingull,Frisk,Rain Dish,Hydration
Pelipper,Frisk,Rain Dish,Drizzle
Ralts,Synchronize,Trace,Telepathy
Kirlia,Synchronize,Trace,Telepathy
Gardevoir,Synchronize,Trace,Telepathy
Gardevoir-Mega,Pixilate,Pixilate,
Surskit,Swift Swim,Swift Swim,Rain Dish
Masquerain,Intimidate,Intimidate,Unnerve
Shroomish,Effect Spore,Poison Heal,Quick Feet
Breloom,Effect Spore,Poison Heal,Technician
Slakoth,Truant,Truant,
Vigoroth,Vital Spirit,Vital Spirit,
Slaking,Truant,Truant,
Nincada,Compound Eyes,Compound Eyes,Run Away
Ninjask,Speed Boost,Speed Boost,Infiltrator
Shedinja,Wonder Guard,Wonder Guard,
Whismur,Soundproof,Oblivious,Scrappy
Loudred,Soundproof,Scrappy,Punk Rock
Exploud,Soundproof,Scrappy,Punk Rock
Makuhita,Thick Fat,Guts,Sheer Force
Hariyama,Thick Fat,Guts,Sheer Force
Azurill,Thick Fat,Huge Power,Sap Sipper
Nosepass,Sturdy,Magnet Pull,Sand Force
Skitty,Cute Charm,Wonder Skin,Feline Prowess
Delcatty,Cute Charm,Wonder Skin,Feline Prowess
Sableye,Frisk,Frisk,Prankster
Sableye-Mega,Magic Bounce,Magic Bounce,
Mawile,Hyper Cutter,Intimidate,Sheer Force
Mawile-Mega,Huge Power,Huge Power,
Aron,Sturdy,Rock Head,Heavy Metal
Lairon,Sturdy,Rock Head,Heavy Metal
Aggron,Sturdy,Rock Head,Heavy Metal
Aggron-Mega,Filter,Filter,
Meditite,Pure Power,Pure Power,Telepathy
Medicham,Pure Power,Pure Power,Telepathy
Medicham-Mega,Pure Power,Pure Power,
Electrike,Static,Lightning Rod,Minus
Manectric,Static,Lightning Rod,Intimidate
Manectric-Mega,Intimidate,Intimidate,
Plusle,Plus,Lightning Rod,Transistor
Minun,Minus,Volt Absorb,Galvanize
Volbeat,Prankster,Illuminate,
Illumise,Oblivious,Tinted Lens,Prankster
Roselia,Natural Cure,Poison Touch,Leaf Guard
Gulpin,Liquid Ooze,Sticky Hold,Gluttony
Swalot,Liquid Ooze,Sticky Hold,Magic Guard
Carvanha,Rough Skin,Rough Skin,Speed Boost
Sharpedo,Rough Skin,Rough Skin,Speed Boost
Sharpedo-Mega,Strong Jaw,Strong Jaw,
Wailmer,Water Veil,Oblivious,Pressure
Wailord,Water Veil,Blubber Defense,Pressure
Numel,Oblivious,Simple,Own Tempo
Camerupt,Magma Armor,Solid Rock,Anger Point
Camerupt-Mega,Sheer Force,Sheer Force,
Torkoal,White Smoke,Shell Armor,Drought
Spoink,Thick Fat,Own Tempo,Gluttony
Grumpig,Thick Fat,Own Tempo,Gluttony
Spinda,Own Tempo,Own Tempo,Contrary
Trapinch,Hyper Cutter,Arena Trap,Sheer Force
Vibrava,Levitate,Compound Eyes,Tinted Lens
Flygon,Levitate,Compound Eyes,Tinted Lens
Cacnea,Sand Veil,Water Absorb,Sand Rush
Cacturne,Sand Veil,Water Absorb,Sand Rush
Swablu,Natural Cure,Natural Cure,Cloud Nine
Altaria,Natural Cure,Natural Cure,Cloud Nine
Altaria-Mega,Pixilate,Pixilate,
Zangoose,Tough Claws,Tough Claws,Toxic Boost
Seviper,Merciless,Shed Skin,Fatal Precision
Lunatone,Levitate,Levitate,
Solrock,Levitate,Levitate,
Barboach,Hydration,Hydration,Oblivious
Whiscash,Hydration,Hydration,Cash Splash
Corphish,Hyper Cutter,Shell Armor,Adaptability
Crawdaunt,Hyper Cutter,Shell Armor,Adaptability
Baltoy,Levitate,Levitate,
Claydol,Levitate,Levitate,
Lileep,Suction Cups,Suction Cups,Storm Drain
Cradily,Suction Cups,Suction Cups,Storm Drain
Anorith,Battle Armor,Skill Link,Swift Swim
Armaldo,Battle Armor,Skill Link,Swift Swim
Feebas,Swift Swim,Oblivious,Adaptability
Feebas-Sevii,Swift Swim,Oblivious,Adaptability
Milotic,Marvel Scale,Competitive,Cute Charm
Milotic-Sevii,Marvel Scale,Competitive,Serene Grace
Castform,Forecast,Forecast,
Kecleon,Protean,Protean,
Shuppet,Insomnia,Frisk,Wandering Soul
Banette,Insomnia,Frisk,Wandering Soul
Banette-Mega,Prankster,Prankster,
Duskull,Levitate,Levitate,Frisk
Dusclops,Pressure,Pressure,Frisk
Tropius,Chlorophyll,Wind Rider,Harvest
Chimecho,Levitate,Levitate,
Absol,Pressure,Super Luck,Justified
Absol-Mega,Magic Bounce,Sharpness,
Wynaut,Shadow Tag,Shadow Tag,Telepathy
Snorunt,Inner Focus,Ice Body,Refrigerate
Glalie,Inner Focus,Ice Body,Refrigerate
Glalie-Mega,Refrigerate,Refrigerate,
Spheal,Thick Fat,Ice Body,Oblivious
Sealeo,Thick Fat,Ice Body,Oblivious
Walrein,Thick Fat,Ice Body,Fur Coat
Clamperl,Shell Armor,Shell Armor,Hydration
Huntail,Intimidate,Intimidate,Defiant
Gorebyss,Dazzling,Dazzling,Regenerator
Relicanth,Swift Swim,Rock Head,Sturdy
Luvdisc,Swift Swim,Swift Swim,Soul-Heart
Bagon,Rock Head,Rock Head,Sheer Force
Shelgon,Rock Head,Rock Head,Overcoat
Salamence,Intimidate,Intimidate,Moxie
Salamence-Mega,Aerilate,Aerilate,
Beldum,Clear Body,Clear Body,Magnet Pull
Metang,Clear Body,Clear Body,Tough Claws
Metagross,Clear Body,Clear Body,Tough Claws
Metagross-Mega,Tough Claws,Tough Claws,
Regirock,Clear Body,Clear Body,Solid Rock
Regice,Clear Body,Clear Body,Filter
Registeel,Clear Body,Clear Body,
Latias,Levitate,Levitate,
Latias-Mega,Levitate,Levitate,
Latios,Levitate,Levitate,
Latios-Mega,Levitate,Levitate,
Kyogre,Drizzle,Drizzle,
Kyogre-Primal,Primordial Sea,Primordial Sea,
Groudon,Drought,Drought,
Groudon-Primal,Desolate Land,Desolate Land,
Rayquaza,Air Lock,Air Lock,
Rayquaza-Mega,Delta Stream,Delta Stream,
Jirachi,Serene Grace,Serene Grace,
Deoxys,Pressure,Pressure,
Deoxys-Attack,Pressure,Pressure,
Deoxys-Defense,Pressure,Pressure,
Deoxys-Speed,Pressure,Pressure,
Turtwig,Overgrow,Self Sufficient,Rock Head
Grotle,Overgrow,Self Sufficient,Rock Head
Torterra,Overgrow,Self Sufficient,Rock Head
Chimchar,Blaze,Blaze,Iron Fist
Monferno,Blaze,Blaze,Iron Fist
Infernape,Blaze,Blaze,Iron Fist
Piplup,Torrent,Torrent,Competitive
Prinplup,Torrent,Torrent,Competitive
Empoleon,Torrent,Torrent,Competitive
Starly,Frisk,Frisk,Reckless
Staravia,Intimidate,Intimidate,Reckless
Staraptor,Intimidate,Intimidate,Reckless
Bidoof,Simple,Unaware,
Bibarel,Simple,Unaware,
Kricketot,Technician,Technician,
Kricketune,Technician,Technician,
Shinx,Rivalry,Intimidate,Guts
Luxio,Rivalry,Intimidate,Guts
Luxray,Rivalry,Intimidate,Guts
Budew,Natural Cure,Poison Touch,Leaf Guard
Roserade,Natural Cure,Poison Touch,Technician
Cranidos,Mold Breaker,Mold Breaker,Sheer Force
Rampardos,Mold Breaker,Mold Breaker,Sheer Force
Shieldon,Sturdy,Sturdy,Soundproof
Bastiodon,Valiant Shield,Valiant Shield,Soundproof
Burmy,Shed Skin,Shed Skin,Overcoat
Burmy,Shed Skin,Shed Skin,Overcoat
Burmy,Shed Skin,Shed Skin,Overcoat
Wormadam,Overcoat,Overcoat,
Wormadam-Sandy,Overcoat,Overcoat,
Wormadam-Trash,Overcoat,Overcoat,
Mothim,Swarm,Swarm,Tinted Lens
Combee,Swarm,Swarm,Hustle
Vespiquen,Queenly Majesty,Queenly Majesty,Unnerve
Pachirisu,Prankster,Pickup,Volt Absorb
Buizel,Water Veil,Water Veil,Technician
Floatzel,Water Veil,Water Veil,Technician
Cherubi,Chlorophyll,Chlorophyll,
Cherrim,Flower Gift,Flower Gift,
Cherrim-Sunshine,Flower Gift,Flower Gift,
Shellos,Sticky Hold,Storm Drain,Sand Force
Shellos,Sticky Hold,Storm Drain,Sand Force
Gastrodon,Sticky Hold,Storm Drain,Sand Force
Gastrodon,Sticky Hold,Storm Drain,Sand Force
Ambipom,Technician,Pickup,Skill Link
Drifloon,Aftermath,Unburden,Flare Boost
Drifblim,Aftermath,Unburden,Flare Boost
Buneary,Run Away,Run Away,Limber
Lopunny,Cute Charm,Cute Charm,Limber
Lopunny-Mega,Scrappy,Scrappy,
Mismagius,Levitate,Levitate,
Honchkrow,Insomnia,Super Luck,Moxie
Glameow,Limber,Own Tempo,Frisk
Purugly,Thick Fat,Own Tempo,Defiant
Chingling,Levitate,Levitate,
Stunky,Stench,Aftermath,Frisk
Skuntank,Stench,Aftermath,Frisk
Bronzor,Levitate,Heatproof,Heavy Metal
Bronzong,Levitate,Heatproof,Heavy Metal
Bonsly,Sturdy,Rock Head,
Mime Jr.,Soundproof,Filter,Technician
Happiny,Natural Cure,Serene Grace,Friend Guard
Chatot,Punk Rock,Punk Rock,Frisk
Spiritomb,Pressure,Pressure,Intimidate
Gible,Sand Veil,Sand Veil,Rough Skin
Gabite,Sand Veil,Sand Veil,Rough Skin
Garchomp,Sand Veil,Sand Veil,Rough Skin
Garchomp-Mega,Sand Force,Sand Force,
Munchlax,Pickup,Thick Fat,Gluttony
Riolu,Steadfast,Inner Focus,Prankster
Lucario,Steadfast,Inner Focus,Justified
Lucario-Mega,Adaptability,Adaptability,
Hippopotas,Sand Stream,Sand Stream,Sand Force
Hippopotas,Sand Stream,Sand Stream,Sand Force
Hippowdon,Sand Stream,Sand Stream,Sand Force
Hippowdon,Sand Stream,Sand Stream,Sand Force
Skorupi,Battle Armor,Sniper,Frisk
Drapion,Battle Armor,Sniper,Frisk
Croagunk,Dry Skin,Dry Skin,Poison Touch
Toxicroak,Dry Skin,Dry Skin,Poison Touch
Carnivine,Levitate,Levitate,
Carnivine-Sevii,Levitate,Levitate,
Finneon,Swift Swim,Storm Drain,Water Veil
Lumineon,Dazzling,Storm Drain,Water Veil
Mantyke,Swift Swim,Water Absorb,Water Veil
Mantyke-Sevii,Static,Storm Drain,Hydration
Snover,Ice Body,Ice Body,Soundproof
Abomasnow,Snow Warning,Snow Warning,Soundproof
Abomasnow-Mega,Slush Rush,Slush Rush,Snow Warning
Weavile,Pressure,Pressure,Infiltrator
Magnezone,Magnet Pull,Sturdy,Analytic
Lickilicky,Own Tempo,Unaware,Cloud Nine
Rhyperior,Lightning Rod,Solid Rock,Reckless
Tangrowth,Chlorophyll,Leaf Guard,Regenerator
Electivire,Motor Drive,Vital Spirit,Iron Fist
Magmortar,Flame Body,Quick Draw,Mega Launcher
Togekiss,Hustle,Serene Grace,Super Luck
Yanmega,Speed Boost,Tinted Lens,Frisk
Leafeon,Leaf Guard,Sap Sipper,Chlorophyll
Glaceon,Ice Body,Ice Body,Slush Rush
Gliscor,Hyper Cutter,Sand Veil,Poison Heal
Mamoswine,Oblivious,Oblivious,Thick Fat
Porygon-Z,Adaptability,Download,Analytic
Gallade,Steadfast,Sharpness,Justified
Gallade-Mega,Sharpness,Sharpness,Inner Focus
Probopass,Sturdy,Magnet Pull,Levitate
Dusknoir,Pressure,Pressure,Hustle
Froslass,Ice Body,Ice Body,Stakeout
Rotom,Levitate,Levitate,
Rotom-Heat,Levitate,Levitate,
Rotom-Wash,Levitate,Levitate,
Rotom-Frost,Levitate,Levitate,
Rotom-Fan,Motor Drive,Motor Drive,
Rotom-Mow,Levitate,Levitate,
Uxie,Levitate,Levitate,
Mesprit,Levitate,Levitate,
Azelf,Levitate,Levitate,
Dialga,Pressure,Pressure,Telepathy
Dialga-Origin,Pressure,Pressure,Telepathy
Dialga-Primal,Primal Armor,Primal Armor,
Palkia,Pressure,Pressure,Telepathy
Palkia-Origin,Pressure,Pressure,Telepathy
Heatran,Flash Fire,Flash Fire,Flame Body
Regigigas,Slow Start,Slow Start,Comatose
Giratina,Pressure,Pressure,Telepathy
Giratina-Origin,Levitate,Levitate,
Cresselia,Levitate,Levitate,
Phione,Hydration,Hydration,
Manaphy,Hydration,Hydration,
Darkrai,Bad Dreams,Bad Dreams,
Shaymin,Natural Cure,Natural Cure,
Shaymin-Sky,Serene Grace,Serene Grace,
Arceus,Multitype,Multitype,
Arceus-Fighting,Multitype,Multitype,
Arceus-Flying,Multitype,Multitype,
Arceus-Poison,Multitype,Multitype,
Arceus-Ground,Multitype,Multitype,
Arceus-Rock,Multitype,Multitype,
Arceus-Bug,Multitype,Multitype,
Arceus-Ghost,Multitype,Multitype,
Arceus-Steel,Multitype,Multitype,
Arceus-Fire,Multitype,Multitype,
Arceus-Water,Multitype,Multitype,
Arceus-Grass,Multitype,Multitype,
Arceus-Electric,Multitype,Multitype,
Arceus-Psychic,Multitype,Multitype,
Arceus-Ice,Multitype,Multitype,
Arceus-Dragon,Multitype,Multitype,
Arceus-Dark,Multitype,Multitype,
Arceus-Fairy,Multitype,Multitype,
Victini,Victory Star,Victory Star,
Snivy,Overgrow,Overgrow,Contrary
Servine,Overgrow,Overgrow,Contrary
Serperior,Overgrow,Overgrow,Contrary
Tepig,Blaze,Blaze,Thick Fat
Pignite,Blaze,Blaze,Thick Fat
Emboar,Reckless,Reckless,Bull Rush
Oshawott,Torrent,Shell Armor,
Dewott,Torrent,Shell Armor,
Samurott,Torrent,Shell Armor,Sharpness
Samurott-Hisui,Torrent,Shell Armor,Sharpness
Patrat,Analytic,No Guard,Frisk
Watchog,Analytic,No Guard,Frisk
Lillipup,Vital Spirit,Pickup,Run Away
Herdier,Intimidate,Sand Rush,Scrappy
Stoutland,Intimidate,Sand Rush,Scrappy
Purrloin,Limber,Unburden,Prankster
Liepard,Moxie,Unburden,Prankster
Pansage,Gluttony,Gluttony,Overgrow
Simisage,Gluttony,Gluttony,Sage Power
Pansear,Gluttony,Gluttony,Blaze
Simisear,Gluttony,Gluttony,Sage Power
Panpour,Gluttony,Gluttony,Torrent
Simipour,Gluttony,Gluttony,Sage Power
Munna,Synchronize,Synchronize,Telepathy
Musharna,Synchronize,Synchronize,Unaware
Pidove,Frisk,Super Luck,Rivalry
Tranquill,Frisk,Super Luck,Rivalry
Unfezant,Frisk,Super Luck,Rivalry
Unfezant,Frisk,Super Luck,Rivalry
Blitzle,Lightning Rod,Sap Sipper,Flare Boost
Blitzle-Sevii,Lightning Rod,Illuminate,Ice Body
Zebstrika,Lightning Rod,Sap Sipper,Flare Boost
Zebstrika-Sevii,Lightning Rod,Illuminate,Ice Body
Roggenrola,Sturdy,Weak Armor,Sand Force
Boldore,Sturdy,Weak Armor,Sand Force
Gigalith,Sturdy,Sand Stream,Sand Force
Woobat,Unaware,Unaware,Simple
Swoobat,Unaware,Unaware,Simple
Drilbur,Sand Rush,Sand Force,Mold Breaker
Excadrill,Sand Rush,Sand Force,Mold Breaker
Audino,Regenerator,Regenerator,
Audino-Mega,Regenerator,Regenerator,
Timburr,Guts,Sheer Force,Iron Fist
Gurdurr,Guts,Sheer Force,Iron Fist
Conkeldurr,Guts,Sheer Force,Iron Fist
Tympole,Swift Swim,Hydration,Water Absorb
Palpitoad,Swift Swim,Hydration,Water Absorb
Seismitoad,Swift Swim,Poison Touch,Water Absorb
Throh,Guts,Technician,Mold Breaker
Sawk,Sturdy,Inner Focus,Contrary
Sewaddle,Swarm,Chlorophyll,Overcoat
Swadloon,Leaf Guard,Chlorophyll,Overcoat
Leavanny,Swarm,Chlorophyll,Sharpness
Venipede,Poison Touch,Swarm,Speed Boost
Whirlipede,Poison Touch,Swarm,Speed Boost
Scolipede,Poison Touch,Swarm,Speed Boost
Cottonee,Prankster,Infiltrator,Chlorophyll
Whimsicott,Prankster,Infiltrator,Chlorophyll
Petilil,Chlorophyll,Own Tempo,Leaf Guard
Lilligant,Chlorophyll,Own Tempo,Leaf Guard
Lilligant-Hisui,Chlorophyll,Hustle,Leaf Guard
Basculin,Reckless,Adaptability,Mold Breaker
Basculin-Blue-Striped,Rock Head,Adaptability,Mold Breaker
Sandile,Intimidate,Moxie,Anger Point
Krokorok,Intimidate,Moxie,Anger Point
Krookodile,Intimidate,Moxie,Anger Point
Darumaka,Hustle,Hustle,Inner Focus
Darumaka-Galar,Hustle,Hustle,Inner Focus
Darmanitan,Sheer Force,Sheer Force,Zen Mode
Darmanitan-Zen,Zen Mode,Zen Mode,
Darmanitan-Galar,Gorilla Tactics,Gorilla Tactics,Zen Mode
Darmanitan-Galar-Zen,Zen Mode,Zen Mode,
Maractus,Water Absorb,Chlorophyll,Grassy Surge
Dwebble,Sturdy,Shell Armor,Weak Armor
Crustle,Sturdy,Shell Armor,Weak Armor
Scraggy,Shed Skin,Intimidate,Moxie
Scrafty,Shed Skin,Intimidate,Moxie
Sigilyph,Wonder Skin,Magic Guard,Tinted Lens
Yamask,Mummy,Mummy,Shadow Shield
Yamask-Galar,Wandering Soul,Wandering Soul,Shadow Shield
Cofagrigus,Mummy,Mummy,Shadow Shield
Tirtouga,Solid Rock,Sturdy,Swift Swim
Carracosta,Solid Rock,Sturdy,Swift Swim
Archen,Defeatist,Defeatist,
Archeops,Defeatist,Defeatist,
Trubbish,Stench,Sticky Hold,Aftermath
Garbodor,Gooey,Weak Armor,Aftermath
Garbodor-Mega,Parasitic Waste,Parasitic Waste,
Zorua,Illusion,Illusion,
Zorua-Hisui,Illusion,Illusion,
Zoroark,Illusion,Illusion,
Zoroark-Hisui,Illusion,Illusion,
Minccino,Cute Charm,Technician,Skill Link
Cinccino,Cute Charm,Technician,Skill Link
Gothita,Frisk,Competitive,Shadow Tag
Gothorita,Frisk,Competitive,Shadow Tag
Gothitelle,Frisk,Competitive,Shadow Tag
Solosis,Overcoat,Magic Guard,Regenerator
Duosion,Overcoat,Magic Guard,Regenerator
Reuniclus,Overcoat,Magic Guard,Regenerator
Ducklett,Frisk,Frisk,Hydration
Swanna,Frisk,Frisk,No Guard
Vanillite,Ice Body,Slush Rush,Weak Armor
Vanillish,Ice Body,Slush Rush,Weak Armor
Vanilluxe,Ice Body,Snow Warning,Weak Armor
Deerling,Chlorophyll,Sap Sipper,Serene Grace
Deerling,Chlorophyll,Sap Sipper,Serene Grace
Deerling,Chlorophyll,Sap Sipper,Serene Grace
Deerling,Chlorophyll,Sap Sipper,Serene Grace
Sawsbuck,Chlorophyll,Sap Sipper,Serene Grace
Sawsbuck,Chlorophyll,Sap Sipper,Serene Grace
Sawsbuck,Chlorophyll,Sap Sipper,Serene Grace
Sawsbuck,Chlorophyll,Sap Sipper,Serene Grace
Emolga,Motor Drive,Motor Drive,Lightning Rod
Karrablast,Swarm,Shed Skin,No Guard
Escavalier,Swarm,Shell Armor,Overcoat
Foongus,Effect Spore,Effect Spore,Regenerator
Amoonguss,Effect Spore,Effect Spore,Regenerator
Frillish,Water Absorb,Damp,Water Bubble
Frillish,Water Absorb,Damp,Water Bubble
Jellicent,Water Absorb,Damp,Water Bubble
Jellicent,Water Absorb,Damp,Water Bubble
Alomomola,Hydration,Hydration,Regenerator
Joltik,Compound Eyes,Unnerve,Swarm
Galvantula,Compound Eyes,Unnerve,Swarm
Ferroseed,Iron Barbs,Iron Barbs,
Ferrothorn,Iron Barbs,Iron Barbs,
Klink,Plus,Minus,Clear Body
Klang,Plus,Minus,Clear Body
Klinklang,Clear Body,Clear Body,Steely Spirit
Tynamo,Levitate,Levitate,
Eelektrik,Levitate,Levitate,
Eelektross,Levitate,Levitate,Fatal Precision
Elgyem,Telepathy,Synchronize,Analytic
Beheeyem,Analytic,Synchronize,
Litwick,Flash Fire,Flame Body,Shadow Tag
Lampent,Flash Fire,Flame Body,Shadow Tag
Chandelure,Flash Fire,Flame Body,Shadow Tag
Axew,Rivalry,Mold Breaker,Unnerve
Fraxure,Rivalry,Mold Breaker,Unnerve
Haxorus,Rivalry,Mold Breaker,Unnerve
Cubchoo,Slush Rush,Slush Rush,Swift Swim
Beartic,Slush Rush,Slush Rush,Swift Swim
Cryogonal,Levitate,Levitate,
Shelmet,Hydration,Shell Armor,Overcoat
Accelgor,Hydration,Unburden,Sheer Force
Stunfisk,Static,Water Absorb,Sand Veil
Stunfisk-Galar,Filter,Filter,Iron Barbs
Mienfoo,Inner Focus,Regenerator,Reckless
Mienshao,Inner Focus,Regenerator,Reckless
Druddigon,Rough Skin,Sheer Force,Mold Breaker
Golett,Iron Fist,Iron Fist,No Guard
Golurk,Iron Fist,Iron Fist,No Guard
Pawniard,Defiant,Inner Focus,Pressure
Bisharp,Defiant,Inner Focus,Pressure
Bouffalant,Reckless,Sap Sipper,Bull Rush
Rufflet,Frisk,Sheer Force,Hustle
Braviary,Frisk,Sheer Force,Defiant
Braviary-Hisui,Frisk,Sheer Force,Tinted Lens
Vullaby,Frisk,Overcoat,Weak Armor
Mandibuzz,Frisk,Overcoat,Weak Armor
Heatmor,Gluttony,Flash Fire,Fatal Precision
Durant,Swarm,Hustle,Truant
Deino,Hustle,Hustle,
Zweilous,Hustle,Hustle,
Hydreigon,Levitate,Levitate,
Larvesta,Flame Body,Flame Body,Swarm
Volcarona,Flame Body,Flame Body,Swarm
Cobalion,Justified,Justified,Sharpness
Terrakion,Justified,Justified,Sharpness
Virizion,Justified,Justified,Sharpness
Tornadus,Prankster,Prankster,Defiant
Tornadus-Therian,Regenerator,Regenerator,
Thundurus,Prankster,Prankster,Defiant
Thundurus-Therian,Volt Absorb,Volt Absorb,
Reshiram,Turboblaze,Turboblaze,
Zekrom,Teravolt,Teravolt,
Landorus,Sand Force,Sand Force,Sheer Force
Landorus-Therian,Intimidate,Intimidate,
Kyurem,Pressure,Pressure,
Kyurem-White,Turboblaze,Turboblaze,
Kyurem-Black,Teravolt,Teravolt,
Keldeo,Justified,Justified,Sharpness
Keldeo-Resolute,Justified,Justified,Sharpness
Meloetta,Serene Grace,Serene Grace,
Meloetta-Pirouette,Serene Grace,Serene Grace,
Genesect,Download,Download,
Chespin,Bulletproof,Bulletproof,Iron Barbs
Quilladin,Bulletproof,Bulletproof,Iron Barbs
Chesnaught,Bulletproof,Bulletproof,Iron Barbs
Fennekin,Blaze,Blaze,Magic Guard
Braixen,Blaze,Blaze,Magic Guard
Delphox,Blaze,Blaze,Magic Guard
Froakie,Torrent,Torrent,Protean
Frogadier,Torrent,Torrent,Protean
Greninja,Torrent,Battle Bond,Protean
Greninja-Ash,Battle Bond,Battle Bond,
Bunnelby,Pickup,Cheek Pouch,Huge Power
Diggersby,Pickup,Cheek Pouch,Huge Power
Fletchling,Frisk,Frisk,Gale Wings
Fletchinder,Flame Body,Flame Body,Gale Wings
Talonflame,Flame Body,Flame Body,Gale Wings
Scatterbug,Shield Dust,Compound Eyes,Friend Guard
Spewpa,Shed Skin,Shed Skin,Friend Guard
Vivillon,Shield Dust,Compound Eyes,Friend Guard
Litleo,Rivalry,Unnerve,Adaptability
Pyroar,Rivalry,Unnerve,Adaptability
Pyroar,Rivalry,Moxie,Adaptability
Flabébé,Natural Cure,Natural Cure,
Floette,Natural Cure,Natural Cure,
Floette-Eternal,Natural Cure,Natural Cure,
Florges,Natural Cure,Natural Cure,
Skiddo,Sap Sipper,Sap Sipper,Grass Pelt
Gogoat,Sap Sipper,Sap Sipper,Grass Pelt
Pancham,Iron Fist,Mold Breaker,Scrappy
Pangoro,Iron Fist,Mold Breaker,Scrappy
Furfrou,Fur Coat,Fur Coat,
Espurr,Frisk,Own Tempo,Infiltrator
Meowstic,Prankster,Feline Prowess,Infiltrator
Meowstic-F,Competitive,Feline Prowess,Infiltrator
Honedge,Sharpness,Sharpness,
Doublade,Sharpness,Sharpness,
Aegislash-Shield,Stance Change,Stance Change,
Aegislash-Blade,Stance Change,Stance Change,
Spritzee,Fairy Aura,Fairy Aura,Aroma Veil
Aromatisse,Fairy Aura,Fairy Aura,Aroma Veil
Swirlix,Sweet Veil,Sweet Veil,Unburden
Slurpuff,Sweet Veil,Sweet Veil,Unburden
Inkay,Contrary,Suction Cups,Infiltrator
Malamar,Contrary,Suction Cups,Infiltrator
Binacle,Tough Claws,Sniper,Infiltrator
Barbaracle,Tough Claws,Sniper,Infiltrator
Skrelp,Poison Touch,Poison Touch,Adaptability
Dragalge,Poison Touch,Poison Touch,Adaptability
Clauncher,Mega Launcher,Mega Launcher,
Clauncher-Sevii,Mega Launcher,Mega Launcher,
Clawitzer,Mega Launcher,Mega Launcher,
Clawitzer-Sevii,Mega Launcher,Mega Launcher,
Helioptile,Dry Skin,Sand Veil,Solar Power
Heliolisk,Dry Skin,Sand Veil,Solar Power
Tyrunt,Strong Jaw,Strong Jaw,Sturdy
Tyrantrum,Strong Jaw,Strong Jaw,Rock Head
Amaura,Refrigerate,Refrigerate,Snow Warning
Aurorus,Refrigerate,Refrigerate,Snow Warning
Sylveon,Cute Charm,Cute Charm,Pixilate
Hawlucha,Limber,Unburden,Mold Breaker
Dedenne,Cheek Pouch,Pickup,Electric Surge
Carbink,Clear Body,Clear Body,Sturdy
Goomy,Sap Sipper,Hydration,Gooey
Sliggoo,Sap Sipper,Hydration,Gooey
Sliggoo-Hisui,Sap Sipper,Overcoat,Gooey
Goodra,Sap Sipper,Hydration,Gooey
Goodra-Hisui,Sap Sipper,Overcoat,Gooey
Klefki,Prankster,Prankster,Magician
Phantump,Natural Cure,Frisk,Harvest
Trevenant,Natural Cure,Frisk,Harvest
Pumpkaboo,Pickup,Frisk,Flare Boost
Pumpkaboo,Pickup,Frisk,Insomnia
Pumpkaboo,Pickup,Frisk,Insomnia
Pumpkaboo,Pickup,Frisk,Insomnia
Gourgeist,Pickup,Frisk,Flare Boost
Gourgeist,Pickup,Frisk,Flare Boost
Gourgeist,Pickup,Frisk,Flare Boost
Gourgeist,Pickup,Frisk,Flare Boost
Bergmite,Own Tempo,Ice Body,Sturdy
Avalugg,Filter,Ice Body,Sturdy
Avalugg-Hisui,Strong Jaw,Sturdy,Technician
Noibat,Frisk,Infiltrator,Telepathy
Noibat-Sevii,Rock Head,Sturdy,Levitate
Noivern,Frisk,Infiltrator,Telepathy
Noivern-Sevii,Rock Head,Sturdy,Levitate
Xerneas,Fairy Aura,Fairy Aura,
Yveltal,Dark Aura,Dark Aura,
Zygarde,Power Construct,Power Construct,
Zygarde-10%,Inner Focus,Inner Focus,
Zygarde-Complete,Power Construct,Power Construct,
Diancie,Clear Body,Clear Body,
Diancie-Mega,Magic Bounce,Magic Bounce,
Hoopa,Magician,Magician,
Hoopa-Unbound,Magician,Magician,
Volcanion,Water Absorb,Water Absorb,
Rowlet,Overgrow,Overgrow,Tinted Lens
Dartrix,Overgrow,Overgrow,Tinted Lens
Decidueye,Overgrow,Overgrow,Tinted Lens
Decidueye-Hisui,Overgrow,Striker,Quill Rush
Litten,Blaze,Blaze,Intimidate
Torracat,Blaze,Blaze,Intimidate
Incineroar,Blaze,Blaze,Intimidate
Popplio,Torrent,Torrent,Liquid Voice
Brionne,Torrent,Torrent,Liquid Voice
Primarina,Torrent,Torrent,Liquid Voice
Pikipek,Frisk,Skill Link,Pickup
Trumbeak,Frisk,Skill Link,Pickup
Toucannon,Frisk,Skill Link,Sheer Force
Yungoos,Stakeout,Strong Jaw,Adaptability
Gumshoos,Stakeout,Strong Jaw,Adaptability
Grubbin,Swarm,Swarm,
Charjabug,Swarm,Swarm,
Vikavolt,Levitate,Levitate,
Crabrawler,Hyper Cutter,Iron Fist,Anger Point
Crabominable,Hyper Cutter,Iron Fist,Anger Point
Oricorio,Dancer,Dancer,
Oricorio-Pom-Pom,Dancer,Dancer,
Oricorio-Pa'u,Dancer,Dancer,
Oricorio-Sensu,Dancer,Dancer,
Cutiefly,Swarm,Shield Dust,Sweet Veil
Ribombee,Swarm,Shield Dust,Sweet Veil
Rockruff,Frisk,Vital Spirit,Steadfast
Lycanroc,Inner Focus,Sand Rush,Steadfast
Lycanroc-Midnight,Frisk,Vital Spirit,No Guard
Lycanroc-Dusk,Tough Claws,Tough Claws,
Wishiwashi,Schooling,Schooling,
Wishiwashi-School,Schooling,Schooling,
Wishiwashi-Sevii,Schooling,Schooling,
Wishiwashi-Sevii-School,Schooling,Schooling,
Mareanie,Merciless,Limber,Regenerator
Toxapex,Merciless,Limber,Regenerator
Mudbray,Own Tempo,Stamina,Inner Focus
Mudsdale,Striker,Stamina,Tangling Hair
Dewpider,Water Bubble,Water Bubble,Water Absorb
Araquanid,Water Bubble,Water Bubble,Water Absorb
Fomantis,Leaf Guard,Leaf Guard,Contrary
Lurantis,Leaf Guard,Leaf Guard,Contrary
Morelull,Effect Spore,Illuminate,Rain Dish
Shiinotic,Effect Spore,Illuminate,Rain Dish
Salandit,Corrosion,Corrosion,Oblivious
Salazzle,Corrosion,Corrosion,Oblivious
Stufful,Fluffy,Fluffy,Cute Charm
Bewear,Fluffy,Fluffy,Unnerve
Bounsweet,Leaf Guard,Oblivious,Sweet Veil
Steenee,Leaf Guard,Oblivious,Sweet Veil
Tsareena,Leaf Guard,Queenly Majesty,Striker
Comfey,Triage,Triage,Natural Cure
Oranguru,Inner Focus,Telepathy,Sage Power
Passimian,Receiver,Receiver,Defiant
Wimpod,Wimp Out,Wimp Out,
Golisopod,Emergency Exit,Emergency Exit,
Sandygast,WaterCompaction,WaterCompaction,Sand Veil
Palossand,WaterCompaction,WaterCompaction,Sand Veil
Pyukumuku,Innards Out,Innards Out,Unaware
Type: Null,Battle Armor,Battle Armor,
Silvally,Battle Armor,Battle Armor,
Silvally-Fighting,Battle Armor,Battle Armor,
Silvally-Flying,Battle Armor,Battle Armor,
Silvally-Poison,Battle Armor,Battle Armor,
Silvally-Ground,Battle Armor,Battle Armor,
Silvally-Rock,Battle Armor,Battle Armor,
Silvally-Bug,Battle Armor,Battle Armor,
Silvally-Ghost,Battle Armor,Battle Armor,
Silvally-Steel,Battle Armor,Battle Armor,
Silvally-Fire,Battle Armor,Battle Armor,
Silvally-Water,Battle Armor,Battle Armor,
Silvally-Grass,Battle Armor,Battle Armor,
Silvally-Electric,Battle Armor,Battle Armor,
Silvally-Psychic,Battle Armor,Battle Armor,
Silvally-Ice,Battle Armor,Battle Armor,
Silvally-Dragon,Battle Armor,Battle Armor,
Silvally-Dark,Battle Armor,Battle Armor,
Silvally-Fairy,Battle Armor,Battle Armor,
Minior,Shields Down,Shields Down,
Minior-Meteor,Shields Down,Shields Down,
Minior,Shields Down,Shields Down,
Minior,Shields Down,Shields Down,
Minior,Shields Down,Shields Down,
Minior,Shields Down,Shields Down,
Minior,Shields Down,Shields Down,
Minior,Shields Down,Shields Down,
Komala,Comatose,Comatose,
Turtonator,Shell Armor,Magma Armor,Valiant Shield
Togedemaru,Iron Barbs,Motor Drive,Sturdy
Mimikyu,Disguise,Disguise,
Mimikyu-Busted,Disguise,Disguise,
Bruxish,Dazzling,Strong Jaw,Wonder Skin
Drampa,Berserk,Sap Sipper,Fatal Precision
Dhelmise,Steely Spirit,Steely Spirit,
Dhelmise-Sevii,Sap Sipper,Gooey,Tinted Lens
Jangmo-o,Bulletproof,Soundproof,Overcoat
Hakamo-o,Bulletproof,Soundproof,Overcoat
Kommo-o,Bulletproof,Soundproof,Overcoat
Tapu Koko,Electric Surge,Electric Surge,Telepathy
Tapu Lele,Psychic Surge,Psychic Surge,Telepathy
Tapu Bulu,Grassy Surge,Grassy Surge,Telepathy
Tapu Fini,Misty Surge,Misty Surge,Telepathy
Cosmog,Unaware,Unaware,
Cosmoem,Sturdy,Sturdy,
Solgaleo,Full Metal Body,Full Metal Body,
Lunala,Shadow Shield,Shadow Shield,
Nihilego,Beast Boost,Beast Boost,
Buzzwole,Beast Boost,Beast Boost,
Pheromosa,Beast Boost,Beast Boost,
Xurkitree,Beast Boost,Beast Boost,
Celesteela,Beast Boost,Beast Boost,
Kartana,Beast Boost,Beast Boost,
Guzzlord,Beast Boost,Dark Aura,
Necrozma,Prism Armor,Prism Armor,
Necrozma-Dusk-Mane,Prism Armor,Prism Armor,
Necrozma-Dawn-Wings,Prism Armor,Prism Armor,
Necrozma-Ultra,Neuroforce,Neuroforce,
Magearna,Soul-Heart,Soul-Heart,
Magearna,Soul-Heart,Soul-Heart,
Marshadow,Technician,Technician,
Poipole,Beast Boost,Beast Boost,
Naganadel,Beast Boost,Beast Boost,
Stakataka,Beast Boost,Beast Boost,
Blacephalon,Beast Boost,Beast Boost,
Zeraora,Volt Absorb,Volt Absorb,
Meltan,Magnet Pull,Magnet Pull,
Melmetal,Iron Fist,Iron Fist,
Grookey,Overgrow,Overgrow,Grassy Surge
Thwackey,Overgrow,Overgrow,Grassy Surge
Rillaboom,Overgrow,Overgrow,Grassy Surge
Scorbunny,Blaze,Blaze,Libero
Raboot,Blaze,Blaze,Libero
Cinderace,Blaze,Blaze,Libero
Sobble,Torrent,Torrent,Sniper
Drizzile,Torrent,Torrent,Sniper
Inteleon,Torrent,Torrent,Sniper
Skwovet,Cheek Pouch,Cheek Pouch,Gluttony
Greedent,Cheek Pouch,Cheek Pouch,Gluttony
Rookidee,Frisk,Unnerve,
Corvisquire,Frisk,Unnerve,
Corviknight,Pressure,Unnerve,
Blipbug,Swarm,Compound Eyes,Telepathy
Dottler,Swarm,Compound Eyes,Telepathy
Orbeetle,Swarm,Frisk,Telepathy
Orbeetle-Mega,Magic Guard,Magic Guard,
Nickit,Run Away,Unburden,Stakeout
Thievul,Run Away,Unburden,Stakeout
Gossifleur,Cotton Down,Regenerator,Effect Spore
Eldegoss,Cotton Down,Regenerator,Effect Spore
Wooloo,Fluffy,Run Away,Bulletproof
Dubwool,Fluffy,Steadfast,Bulletproof
Chewtle,Strong Jaw,Shell Armor,Swift Swim
Drednaw,Strong Jaw,Shell Armor,Swift Swim
Drednaw-Mega,Strong Jaw,Strong Jaw,
Yamper,Pickup,Pickup,Competitive
Boltund,Strong Jaw,Strong Jaw,Competitive
Rolycoly,Steam Engine,Heatproof,Flash Fire
Carkol,Steam Engine,Flame Body,Flash Fire
Coalossal,Steam Engine,Flame Body,Flash Fire
Coalossal-Mega,Mountaineer,Mountaineer,
Applin,Ripen,Gluttony,Bulletproof
Flapple,Ripen,Gluttony,Hustle
Flapple-Mega,Dragon's Maw,Dragon's Maw,
Appletun,Ripen,Gluttony,Thick Fat
Appletun-Mega,Contrary,Contrary,
Silicobra,Sand Spit,Shed Skin,Sand Veil
Sandaconda,Sand Spit,Shed Skin,Sand Veil
Sandaconda-Mega,Aerilate,Aerilate,
Cramorant,Gulp Missile,Gulp Missile,
Cramorant-Gulping,Gulp Missile,Gulp Missile,
Cramorant-Gorging,Gulp Missile,Gulp Missile,
Arrokuda,Swift Swim,Swift Swim,
Barraskewda,Swift Swim,Swift Swim,Propeller Tail
Toxel,Lightning Rod,Static,
Toxtricity,Punk Rock,Plus,Technician
Toxtricity-Low-Key,Punk Rock,Minus,Technician
Toxtricity-Mega,Punk Rock,Punk Rock,
Sizzlipede,Flash Fire,White Smoke,Flame Body
Sizzlipede-Sevii,Shed Skin,White Smoke,Mold Breaker
Centiskorch,Flash Fire,White Smoke,Flame Body
Centiskorch-Mega,Mountaineer,Mountaineer,
Centiskorch-Sevii,Shed Skin,White Smoke,Mold Breaker
Centiskorch-Sevii-Mega,Arena Trap,Sand Force,
Clobbopus,Limber,Limber,Technician
Grapploct,Limber,Limber,Technician
Sinistea,Weak Armor,Weak Armor,Heatproof
Polteageist,Weak Armor,Weak Armor,Heatproof
Hatenna,Magic Bounce,Magic Bounce,
Hattrem,Magic Bounce,Magic Bounce,
Hatterene,Magic Bounce,Magic Bounce,
Impidimp,Prankster,Frisk,Infiltrator
Morgrem,Prankster,Frisk,Infiltrator
Grimmsnarl,Prankster,Frisk,Infiltrator
Obstagoon,Reckless,Guts,Defiant
Perrserker,Battle Armor,Tough Claws,Steely Spirit
Cursola,Weak Armor,Unburden,Perish Body
Sirfetch’d,Sharpness,Sharpness,Scrappy
Mr. Rime,Screen Cleaner,Screen Cleaner,Ice Body
Runerigus,Wandering Soul,Wandering Soul,Shadow Shield
Milcery,Sweet Veil,Sweet Veil,Aroma Veil
Alcremie,Sweet Veil,Sweet Veil,Aroma Veil
Alcremie-Mega,Self Sufficient,Self Sufficient,
Falinks,Battle Armor,Battle Armor,Defiant
Pincurchin,Lightning Rod,Lightning Rod,Electric Surge
Snom,Shield Dust,Shield Dust,Ice Scales
Frosmoth,Shield Dust,Shield Dust,Ice Scales
Stonjourner,Rocky Payload,Rocky Payload,
Eiscue,Ice Face,Ice Face,
Eiscue-Noice,Ice Face,Ice Face,
Indeedee,Inner Focus,Synchronize,Psychic Surge
Indeedee-F,Own Tempo,Synchronize,Psychic Surge
Morpeko,Hunger Switch,Hunger Switch,
Morpeko-Hangry,Hunger Switch,Hunger Switch,
Cufant,Heavy Metal,Heavy Metal,
Copperajah,Heavy Metal,Heavy Metal,
Copperajah-Mega,Sheer Force,Sheer Force,
Dracozolt,Volt Absorb,Hustle,Sand Rush
Arctozolt,Volt Absorb,Static,Slush Rush
Dracovish,Water Absorb,Strong Jaw,Sand Rush
Arctovish,Water Absorb,Ice Body,Slush Rush
Duraludon,Heavy Metal,Heavy Metal,Stalwart
Dreepy,Clear Body,Infiltrator,Run Away
Drakloak,Clear Body,Infiltrator,Stalwart
Dragapult,Clear Body,Infiltrator,Stalwart
Zacian,Intrepid Sword,Intrepid Sword,
Zacian-Crowned,Intrepid Sword,Intrepid Sword,
Zamazenta,Valiant Shield,Valiant Shield,
Zamazenta-Crowned,Valiant Shield,Valiant Shield,
Eternatus,Pressure,Pressure,
Eternatus-Eternamax,Levitate,Levitate,
Kubfu,Inner Focus,Inner Focus,
Urshifu,Unseen Fist,Unseen Fist,
Urshifu-Rapid-Strike,Unseen Fist,Unseen Fist,
Zarude,Leaf Guard,Defiant,
Regieleki,Transistor,Transistor,
Regidrago,Dragon's Maw,Dragon's Maw,
Glastrier,Chilling Neigh,Chilling Neigh,
Spectrier,Grim Neigh,Grim Neigh,
Calyrex,Unnerve,Unnerve,
Calyrex-Ice,As One,As One,
Calyrex-Shadow,As One,As One,
Wyrdeer,Intimidate,Sap Sipper,Fur Coat
Kleavor,Sheer Force,Technician,Sharpness
Ursaluna,Guts,Bulletproof,Unnerve
Ursaluna-Bloodmoon,Scrappy,Scrappy,
Basculegion,Swift Swim,Adaptability,Mold Breaker
Basculegion-F,Swift Swim,Adaptability,Mold Breaker
Sneasler,Pressure,Unburden,Poison Touch
Overqwil,Poison Touch,Swift Swim,Intimidate
Enamorus,Cute Charm,Cute Charm,Contrary
Enamorus-Therian,Overcoat,Overcoat,
Sprigatito,Overgrow,Overgrow,Protean
Floragato,Overgrow,Overgrow,Protean
Meowscarada,Overgrow,Overgrow,Protean
Fuecoco,Blaze,Blaze,Unaware
Crocalor,Blaze,Blaze,Unaware
Skeledirge,Blaze,Blaze,Unaware
Quaxly,Torrent,Torrent,Moxie
Quaxwell,Torrent,Torrent,Moxie
Quaquaval,Torrent,Torrent,Moxie
Lechonk,Aroma Veil,Gluttony,Thick Fat
Oinkologne,Lingering Aroma,Gluttony,Thick Fat
Oinkologne-F,Aroma Veil,Gluttony,Thick Fat
Tarountula,Insomnia,Stakeout,
Spidops,Insomnia,Stakeout,
Nymble,Swarm,Tinted Lens,
Nymble-Sevii,Swarm,Tinted Lens,
Lokix,Swarm,Tinted Lens,
Lokix-Sevii,Swarm,Tinted Lens,
Pawmi,Static,Natural Cure,Iron Fist
Pawmo,Volt Absorb,Natural Cure,Iron Fist
Pawmot,Volt Absorb,Natural Cure,Iron Fist
Tandemaus,Run Away,Pickup,Own Tempo
Maushold,Friend Guard,Cheek Pouch,Technician
Fidough,Own Tempo,Own Tempo,
Dachsbun,Well-Baked Body,Well-Baked Body,Aroma Veil
Smoliv,Early Bird,Early Bird,Harvest
Dolliv,Early Bird,Early Bird,Harvest
Arboliva,Seed Sower,Seed Sower,Harvest
Squawkabilly,Intimidate,Hustle,Guts
Squawkabilly-White,Intimidate,Hustle,Sheer Force
Nacli,Sturdy,Purifying Salt,Clear Body
Naclstack,Sturdy,Purifying Salt,Clear Body
Garganacl,Sturdy,Purifying Salt,Clear Body
Charcadet,Flash Fire,Weak Armor,Flame Body
Armarouge,Flash Fire,Weak Armor,Mega Launcher
Ceruledge,Flash Fire,Weak Armor,Sharpness
Tadbulb,Own Tempo,Static,Damp
Bellibolt,Electromrphosis,Static,Damp
Wattrel,Static,Volt Absorb,Competitive
Kilowattrel,Static,Volt Absorb,Competitive
Maschiff,Intimidate,Run Away,Stakeout
Mabosstiff,Intimidate,Defiant,Stakeout
Shroodle,Unburden,Poison Touch,Prankster
Grafaiai,Unburden,Poison Touch,Prankster
Bramblin,Infiltrator,Infiltrator,Wind Rider
Brambleghast,Infiltrator,Infiltrator,Wind Rider
Toedscool,Clear Body,Mold Breaker,
Toedscruel,Clear Body,Mold Breaker,
Klawf,Anger Shell,Shell Armor,Regenerator
Capsakid,Chlorophyll,Insomnia,
Scovillain,Chlorophyll,Insomnia,
Rellor,Shed Skin,Compound Eyes,
Rabsca,Synchronize,Telepathy,
Flittle,Frisk,Speed Boost,
Espathra,Frisk,Speed Boost,
Tinkatink,Mold Breaker,Own Tempo,
Tinkatuff,Mold Breaker,Own Tempo,
Tinkaton,Mold Breaker,Own Tempo,
Wiglett,Gooey,Arena Trap,Sand Veil
Wugtrio,Gooey,Arena Trap,Sand Veil
Bombirdier,Rocky Payload,Rocky Payload,
Finizen,Water Veil,Water Veil,
Palafin,Zero To Hero,Zero To Hero,
Palafin-Hero,Zero To Hero,Zero To Hero,Mold Breaker
Varoom,Overcoat,Overcoat,Filter
Revavroom,Overcoat,Overcoat,Filter
Cyclizar,Shed Skin,Shed Skin,Regenerator
Orthworm,Earth Eater,Earth Eater,Sand Veil
Glimmet,Toxic Debris,Toxic Debris,Corrosion
Glimmora,Toxic Debris,Toxic Debris,Corrosion
Greavard,Pickup,Pickup,Fluffy
Houndstone,Sand Rush,Sand Rush,Fluffy
Flamigo,Scrappy,Scrappy,
Cetoddle,Thick Fat,Slush Rush,Sheer Force
Cetitan,Thick Fat,Slush Rush,Sheer Force
Veluza,Mold Breaker,Mold Breaker,Sharpness
Dondozo,Unaware,Oblivious,Water Veil
Tatsugiri,Storm Drain,Storm Drain,
Annihilape,Vital Spirit,Inner Focus,Defiant
Clodsire,Poison Touch,Water Absorb,Unaware
Farigiraf,Sap Sipper,Armor Tail,Parental Bond
Dudunsparce,Serene Grace,Run Away,
Kingambit,Defiant,SupremeOverlord,Pressure
Great Tusk,Protosynthesis,Protosynthesis,
Scream Tail,Protosynthesis,Protosynthesis,Tangling Hair
Brute Bonnet,Protosynthesis,Protosynthesis,Poison Heal
Flutter Mane,Protosynthesis,Protosynthesis,
Slither Wing,Protosynthesis,Protosynthesis,Multiscale
Sandy Shocks,Protosynthesis,Protosynthesis,WaterCompaction
Iron Treads,Quark Drive,Quark Drive,
Iron Bundle,Quark Drive,Quark Drive,
Iron Hands,Quark Drive,Quark Drive,
Iron Jugulis,Quark Drive,Quark Drive,
Iron Moth,Quark Drive,Quark Drive,
Iron Thorns,Quark Drive,Quark Drive,Solid Rock
Frigibax,ThermalExchange,ThermalExchange,Ice Body
Arctibax,ThermalExchange,ThermalExchange,Ice Body
Baxcalibur,ThermalExchange,ThermalExchange,Ice Body
Gimmighoul,Clear Body,Clear Body,
Gimmighoul-Roaming,Run Away,Run Away,
Gholdengo,Good as Gold,Good as Gold,
Wo-Chien,Tablets of Ruin,Tablets of Ruin,
Chien-Pao,Sword Of Ruin,Sword Of Ruin,
Ting-Lu,Vessel Of Ruin,Vessel Of Ruin,
Chi-Yu,Beads of Ruin,Beads of Ruin,
Roaring Moon,Protosynthesis,Protosynthesis,
Iron Valiant,Quark Drive,Quark Drive,
Koraidon,OrichalcumPulse,OrichalcumPulse,
Miraidon,Hadron Engine,Hadron Engine,
Walking Wake,Protosynthesis,Protosynthesis,
Iron Leaves,Quark Drive,Quark Drive,Sharpness
Dipplin,Sticky Hold,Gluttony,
Poltchageist,Heatproof,Heatproof,
Sinistcha,Heatproof,Heatproof,
Okidogi,Toxic Chain,Toxic Chain,Defiant
Munkidori,Toxic Chain,Toxic Chain,Frisk
Fezandipiti,Toxic Chain,Toxic Chain,Technician
Ogerpon,Defiant,Defiant,
Ogerpon-Wellspring,Water Absorb,Water Absorb,
Ogerpon-Hearthflame,Mold Breaker,Mold Breaker,
Ogerpon-Cornerstone,Sturdy,Sturdy,
Archaludon,Sturdy,Stamina,Bad Company
Hydrapple,Sticky Hold,Regenerator,
Gouging Fire,Protosynthesis,Protosynthesis,
Raging Bolt,Protosynthesis,Protosynthesis,
Iron Boulder,Quark Drive,Quark Drive,
Iron Crown,Quark Drive,Quark Drive,Sharpness
Terapagos-Terastal,Tera Shell,Tera Shell,
Pecharunt,Toxic Chain,Toxic Chain,
Chillet,Refrigerate,Refrigerate,
